City,State,Lat,Lng
Marysville,WA,48.0517637,-122.1770818
Perris,CA,33.7825194,-117.2286478
Cleveland,OH,41.49932,-81.6943605
Worcester,MA,42.2625932,-71.8022934
Columbia,SC,34.0007104,-81.0348144
Waterbury,CT,41.5581525,-73.0514965
Eagan,MN,44.8041322,-93.1668858
Southfield,MI,42.4733688,-83.2218731
Lafayette,LA,30.2240897,-92.0198427
Boise City,ID,43.6187102,-116.2146068
Elkhart,IN,41.6819935,-85.9766671
Buena Park,CA,33.8675143,-117.9981181
Marietta,GA,33.952602,-84.5499327
Parker,CO,39.5186002,-104.7613633
West Palm Beach,FL,26.7153424,-80.0533746
Salem,MA,42.51954,-70.8967155
Aurora,IL,41.7605849,-88.3200715
Leesburg,VA,39.1156615,-77.5636015
Doral,FL,25.8195424,-80.3553302
Westminster,CA,33.7513419,-117.9939921
Lubbock,TX,33.5778631,-101.8551665
Overland Park,KS,38.9822282,-94.6707917
Jackson,MS,32.2987573,-90.1848103
Gastonia,NC,35.262082,-81.1873005
Daytona Beach,FL,29.2108147,-81.0228331
Kansas City,MO,39.0997265,-94.5785667
Noblesville,IN,40.0455917,-86.0085955
Southaven,MS,34.9889818,-90.0125913
Chino,CA,34.0122346,-117.688944
Gaithersburg,MD,39.1434406,-77.2013705
Fountain Valley,CA,33.7091847,-117.9536697
Frederick,MD,39.4142688,-77.4105409
Greenville,NC,35.612661,-77.3663538
DeKalb,IL,41.9294736,-88.7503647
West Allis,WI,43.0166806,-88.0070315
Thornton,CO,39.8680412,-104.9719243
West Des Moines,IA,41.5772115,-93.711332
Fall River,MA,41.7014912,-71.1550451
Tulare,CA,36.2077288,-119.3473379
Chula Vista,CA,32.6400541,-117.0841955
Coral Springs,FL,26.271192,-80.2706044
Concord,NC,35.4087517,-80.579511
Smyrna,GA,33.8839926,-84.5143761
Apopka,FL,28.6934076,-81.5322149
Grand Forks,ND,47.9252568,-97.0328547
Lancaster,OH,39.7136754,-82.5993294
Naperville,IL,41.7508391,-88.1535352
Hollywood,FL,26.0112014,-80.1494901
Rogers,AR,36.3320196,-94.1185366
New Orleans,LA,29.9510658,-90.0715323
Lakewood,WA,47.1717649,-122.518458
Oak Lawn,IL,41.719978,-87.7479528
Caldwell,ID,43.6629384,-116.6873596
Portland,OR,45.5230622,-122.6764816
Concord,CA,37.9779776,-122.0310733
Burien,WA,47.4703767,-122.3467918
St. Charles,MO,38.7881062,-90.4974359
Waukesha,WI,43.0116784,-88.2314813
Flagstaff,AZ,35.1982836,-111.651302
Puyallup,WA,47.1853785,-122.2928974
Schenectady,NY,42.8142432,-73.9395687
Denver,CO,39.7392358,-104.990251
Springfield,IL,39.7817213,-89.6501481
Campbell,CA,37.2871651,-121.9499568
Moreno Valley,CA,33.9424658,-117.2296717
Kettering,OH,39.6895036,-84.1688274
Lincoln Park,MI,42.2505943,-83.1785361
Lake Havasu City,AZ,34.483901,-114.3224548
North Little Rock,AR,34.769536,-92.2670941
Reno,NV,39.5296329,-119.8138027
Littleton,CO,39.613321,-105.0166498
Prescott,AZ,34.5400242,-112.4685025
Dublin,CA,37.7021521,-121.9357918
Texarkana,TX,33.425125,-94.0476882
Portland,ME,43.661471,-70.2553259
Brooklyn Park,MN,45.0941315,-93.3563405
West Haven,CT,41.2705484,-72.9469711
El Centro,CA,32.792,-115.5630514
The Colony,TX,33.0806083,-96.8928309
Flint,MI,43.0125274,-83.6874562
Pittsburg,CA,38.0279762,-121.8846806
Buckeye,AZ,33.3703197,-112.5837766
Brea,CA,33.9166805,-117.9000604
Indio,CA,33.7205771,-116.2155619
Scottsdale,AZ,33.4941704,-111.9260519
Columbus,OH,39.9611755,-82.9987942
Lancaster,PA,40.0378755,-76.3055144
Lincoln,NE,40.8257625,-96.6851982
Trenton,NJ,40.2170534,-74.7429384
Boston,MA,42.3600825,-71.0588801
Glendora,CA,34.1361187,-117.865339
Rochester,MN,44.0121221,-92.4801989
Florissant,MO,38.789217,-90.322614
Annapolis,MD,38.9784453,-76.4921829
Chapel Hill,NC,35.9131996,-79.0558445
Lawrence,IN,39.8386516,-86.0252612
Calexico,CA,32.6789476,-115.4988834
Calumet City,IL,41.6155909,-87.5294871
Missoula,MT,46.8787176,-113.996586
Clovis,CA,36.8252277,-119.7029194
Pearland,TX,29.5635666,-95.2860474
Gilbert,AZ,33.3528264,-111.789027
Wausau,WI,44.9591352,-89.6301221
Raleigh,NC,35.7795897,-78.6381787
Orange,CA,33.7877944,-117.8531119
Walnut Creek,CA,37.9100783,-122.0651819
Bremerton,WA,47.5673202,-122.6329356
Porterville,CA,36.06523,-119.0167679
Marana,AZ,32.436381,-111.2224422
Tallahassee,FL,30.4382559,-84.2807329
Conroe,TX,30.3118769,-95.4560512
Blacksburg,VA,37.2295733,-80.4139393
San Antonio,TX,29.4241219,-98.4936282
Hartford,CT,41.7637111,-72.6850932
Waterloo,IA,42.492786,-92.3425775
Binghamton,NY,42.0986867,-75.9179738
Meridian,ID,43.6121087,-116.3915131
Fond du Lac,WI,43.7730448,-88.4470508
Baytown,TX,29.7355047,-94.9774274
Cary,NC,35.79154,-78.7811169
Weymouth Town,MA,42.2180724,-70.9410356
Tulsa,OK,36.1539816,-95.992775
Mission,TX,26.2159066,-98.3252932
Cuyahoga Falls,OH,41.1339449,-81.4845585
Malden,MA,42.4250964,-71.066163
Allen,TX,33.1031744,-96.6705503
Tucson,AZ,32.2217429,-110.926479
Franklin,TN,35.9250637,-86.8688899
Shakopee,MN,44.7973962,-93.5272861
Jacksonville,FL,30.3321838,-81.655651
Atlantic City,NJ,39.3642834,-74.4229266
Erie,PA,42.1292241,-80.085059
Merced,CA,37.3021632,-120.4829677
Abilene,TX,32.4487364,-99.7331439
Yorba Linda,CA,33.8886259,-117.8131125
Greenville,SC,34.8526176,-82.3940104
Huntersville,NC,35.410694,-80.8428504
St. Clair Shores,MI,42.4974085,-82.8963604
Harrisburg,PA,40.2731911,-76.8867008
San Buenaventura (Ventura),CA,34.274646,-119.2290316
Fremont,CA,37.5482697,-121.9885719
Pueblo,CO,38.2544472,-104.6091409
Chelsea,MA,42.3917638,-71.0328284
Belleville,IL,38.5200504,-89.9839935
Minneapolis,MN,44.977753,-93.2650108
Bartlett,TN,35.2045328,-89.8739753
Wichita Falls,TX,33.9137085,-98.4933873
Missouri City,TX,29.6185669,-95.5377215
St. Louis,MO,38.6270025,-90.1994042
Pharr,TX,26.1947962,-98.1836216
Albuquerque,NM,35.0853336,-106.6055534
Athens-Clarke County,GA,33.9519347,-83.357567
South Jordan,UT,40.5621704,-111.929658
North Las Vegas,NV,36.1988592,-115.1175013
Pomona,CA,34.055103,-117.7499909
Eastvale,CA,33.952463,-117.5848025
Grove City,OH,39.8814519,-83.0929644
Lawrence,KS,38.9716689,-95.2352501
Midland,TX,31.9973456,-102.0779146
Oklahoma City,OK,35.4675602,-97.5164276
Oro Valley,AZ,32.3909071,-110.966488
Mesa,AZ,33.4151843,-111.8314724
Norwalk,CT,41.117744,-73.4081575
Kentwood,MI,42.8694731,-85.6447492
Brookfield,WI,43.0605671,-88.1064787
Rockwall,TX,32.9312336,-96.4597089
Mishawaka,IN,41.6619927,-86.1586156
Tustin,CA,33.7458511,-117.826166
St. Cloud,MN,45.5579451,-94.1632404
Passaic,NJ,40.8567662,-74.1284764
Escondido,CA,33.1192068,-117.086421
San Bruno,CA,37.6304904,-122.4110835
Berkeley,CA,37.8715926,-122.272747
San Clemente,CA,33.4269728,-117.6119925
Lawton,OK,34.6035669,-98.3959291
Eau Claire,WI,44.811349,-91.4984941
Maricopa,AZ,33.0581063,-112.0476423
DeSoto,TX,32.5896998,-96.8570738
Fort Wayne,IN,41.079273,-85.1393513
Shoreline,WA,47.7556531,-122.3415178
Medford,MA,42.4184296,-71.1061639
La Habra,CA,33.9319578,-117.9461734
Albany,NY,42.6525793,-73.7562317
Daly City,CA,37.6879241,-122.4702079
Taylor,MI,42.240872,-83.2696509
Coon Rapids,MN,45.1732394,-93.3030063
San Mateo,CA,37.5629917,-122.3255254
Orlando,FL,28.5383355,-81.3792365
Casper,WY,42.866632,-106.313081
Bedford,TX,32.844017,-97.1430671
Wilmington,NC,34.2257255,-77.9447102
Pinellas Park,FL,27.8428025,-82.6995443
North Miami Beach,FL,25.9331488,-80.1625463
Kansas City,KS,39.114053,-94.6274636
Fitchburg,MA,42.5834228,-71.8022955
Wheeling,IL,42.1391927,-87.9289591
Newton,MA,42.3370413,-71.2092214
North Miami,FL,25.8900949,-80.1867138
Norwich,CT,41.5242649,-72.0759105
Newark,NJ,40.735657,-74.1723667
Alexandria,LA,31.3112936,-92.4451371
Blaine,MN,45.1607987,-93.2349489
Harlingen,TX,26.1906306,-97.6961026
Lompoc,CA,34.6391501,-120.4579409
Denton,TX,33.2148412,-97.1330683
Galveston,TX,29.3013479,-94.7976958
Greenwood,IN,39.6136578,-86.1066526
Salinas,CA,36.6777372,-121.6555013
Miami Gardens,FL,25.9420377,-80.2456045
Huntington,WV,38.4192496,-82.445154
Laredo,TX,27.5305671,-99.4803241
Melbourne,FL,28.0836269,-80.6081089
Haltom City,TX,32.7995738,-97.2691817
Palm Bay,FL,28.0344621,-80.5886646
Wilson,NC,35.7212689,-77.9155395
Bountiful,UT,40.8893895,-111.880771
Ceres,CA,37.5949316,-120.9577098
Parma,OH,41.4047742,-81.7229086
Rapid City,SD,44.0805434,-103.2310149
Bell Gardens,CA,33.9652918,-118.1514588
Commerce City,CO,39.8083196,-104.9338675
Springfield,MA,42.1014831,-72.589811
Fort Collins,CO,40.5852602,-105.084423
San Leandro,CA,37.7249296,-122.1560768
Vista,CA,33.2000368,-117.2425355
Yonkers,NY,40.9312099,-73.8987469
Cincinnati,OH,39.1031182,-84.5120196
Hagerstown,MD,39.6417629,-77.7199932
Sanford,FL,28.8028612,-81.269453
Union City,NJ,40.6975898,-74.2631635
Toledo,OH,41.6639383,-83.555212
Sierra Vista,AZ,31.5455001,-110.2772856
Newport News,VA,37.0870821,-76.4730122
Hammond,IN,41.5833688,-87.5000412
Buffalo Grove,IL,42.1662831,-87.9631308
Sugar Land,TX,29.6196787,-95.6349463
Huntsville,AL,34.7303688,-86.5861037
Lodi,CA,38.1341477,-121.2722194
Edmonds,WA,47.8106521,-122.3773552
Duncanville,TX,32.6518004,-96.9083366
Rocky Mount,NC,35.9382103,-77.7905339
Pontiac,MI,42.6389216,-83.2910468
National City,CA,32.6781085,-117.0991967
Hayward,CA,37.6688205,-122.0807964
Niagara Falls,NY,43.0962143,-79.0377388
Sparks,NV,39.5349112,-119.7526886
Hanford,CA,36.3274502,-119.6456844
Cypress,CA,33.8169599,-118.0372852
Youngstown,OH,41.0997803,-80.6495194
Madison,AL,34.6992579,-86.7483318
Redlands,CA,34.0555693,-117.1825381
Cape Girardeau,MO,37.3058839,-89.5181476
Nampa,ID,43.5407172,-116.5634624
Washington,DC,38.9071923,-77.0368707
Wheaton,IL,41.8661403,-88.1070127
Lancaster,TX,32.5920798,-96.7561082
Rialto,CA,34.1064001,-117.3703235
Fargo,ND,46.8771863,-96.7898034
Peoria,IL,40.6936488,-89.5889864
Omaha,NE,41.2523634,-95.9979883
Rancho Santa Margarita,CA,33.640855,-117.603104
Manhattan,KS,39.1836082,-96.5716694
Palm Springs,CA,33.8302961,-116.5452921
San Diego,CA,32.715738,-117.1610838
Santa Rosa,CA,38.440429,-122.7140548
Lowell,MA,42.6334247,-71.3161718
Broken Arrow,OK,36.060949,-95.7974526
Kent,WA,47.3809335,-122.2348431
Nashville,TN,36.1626638,-86.7816016
Hackensack,NJ,40.8859325,-74.0434736
Broomfield,CO,39.9205411,-105.0866504
Durham,NC,35.9940329,-78.898619
Wichita,KS,37.688889,-97.336111
Cathedral City,CA,33.7805388,-116.4668036
Lakeville,MN,44.6496868,-93.24272
Elmhurst,IL,41.8994744,-87.9403418
Weslaco,TX,26.1595194,-97.9908366
Greenfield,WI,42.9614039,-88.0125865
Sunnyvale,CA,37.36883,-122.0363496
Santa Cruz,CA,36.9741171,-122.0307963
Kenosha,WI,42.5847425,-87.8211854
State College,PA,40.7933949,-77.8600012
Mansfield,OH,40.75839,-82.5154471
Quincy,IL,39.9356016,-91.4098726
Pompano Beach,FL,26.2378597,-80.1247667
San Angelo,TX,31.4637723,-100.4370375
Rancho Palos Verdes,CA,33.7444613,-118.3870173
Burnsville,MN,44.7677424,-93.2777226
Rowlett,TX,32.9029017,-96.56388
Roswell,NM,33.3942655,-104.5230242
Montgomery,AL,32.3668052,-86.2999689
Logan,UT,41.7369803,-111.8338359
Woburn,MA,42.4792618,-71.1522765
Allentown,PA,40.6084305,-75.4901833
Mount Pleasant,SC,32.8323225,-79.8284258
Columbus,GA,32.4609764,-84.9877094
Buffalo,NY,42.8864468,-78.8783689
New Berlin,WI,42.9764027,-88.1084224
North Richland Hills,TX,32.8342952,-97.2289029
Lima,OH,40.742551,-84.1052256
Sacramento,CA,38.5815719,-121.4943996
Fort Smith,AR,35.3859242,-94.3985475
East Providence,RI,41.8137116,-71.3700545
Urbandale,IA,41.6266555,-93.7121656
Mount Vernon,NY,40.9125992,-73.8370786
Lakewood,CO,39.7047095,-105.0813734
Henderson,NV,36.0395247,-114.9817213
Covina,CA,34.0900091,-117.8903397
Stamford,CT,41.0534302,-73.5387341
Bloomington,IN,39.165325,-86.5263857
Kingsport,TN,36.548434,-82.5618186
Spokane,WA,47.6587802,-117.4260466
Kennewick,WA,46.2112458,-119.1372338
Philadelphia,PA,39.9525839,-75.1652215
Bellingham,WA,48.74908,-122.4781473
Visalia,CA,36.3302284,-119.2920585
La Crosse,WI,43.8013556,-91.2395807
Council Bluffs,IA,41.2619444,-95.8608333
North Lauderdale,FL,26.217305,-80.2258811
Dallas,TX,32.7766642,-96.7969879
Antioch,CA,38.0049214,-121.805789
Sterling Heights,MI,42.5803122,-83.0302033
Deerfield Beach,FL,26.3184123,-80.0997657
Fishers,IN,39.9567548,-86.01335
Cheyenne,WY,41.1399814,-104.8202462
Murrieta,CA,33.5539143,-117.2139232
Lenexa,KS,38.9536174,-94.7335709
Bloomington,IL,40.4842027,-88.9936873
Tracy,CA,37.7396513,-121.4252227
Spartanburg,SC,34.9495672,-81.9320482
Nashua,NH,42.7653662,-71.467566
Macon,GA,32.8406946,-83.6324022
Hempstead,NY,40.7062128,-73.6187397
Camden,NJ,39.9259463,-75.1196199
Palm Desert,CA,33.7222445,-116.3744556
Streamwood,IL,42.0255827,-88.1784085
Chesapeake,VA,36.7682088,-76.2874927
Dublin,OH,40.0992294,-83.1140771
Camarillo,CA,34.2163937,-119.0376023
Muskegon,MI,43.2341813,-86.2483921
Elizabeth,NJ,40.6639916,-74.2107006
Anchorage,AK,61.2180556,-149.9002778
Minot,ND,48.2329668,-101.2922906
Davie,FL,26.0764783,-80.2521157
McAllen,TX,26.2034071,-98.2300124
McKinney,TX,33.1972465,-96.6397822
Killeen,TX,31.1171194,-97.7277959
Findlay,OH,41.04422,-83.6499321
Oakland,CA,37.8043637,-122.2711137
Mountain View,CA,37.3860517,-122.0838511
Lake Elsinore,CA,33.6680772,-117.3272615
Amarillo,TX,35.2219971,-101.8312969
Provo,UT,40.2338438,-111.6585337
Atlanta,GA,33.7489954,-84.3879824
Monterey Park,CA,34.0625106,-118.1228476
Strongsville,OH,41.3144966,-81.83569
Madera,CA,36.9613356,-120.0607176
Decatur,IL,39.8403147,-88.9548001
Woonsocket,RI,42.0028761,-71.5147839
Mobile,AL,30.6953657,-88.0398912
Vallejo,CA,38.1040864,-122.2566367
Arcadia,CA,34.1397292,-118.0353449
Collierville,TN,35.042036,-89.6645266
Jefferson City,MO,38.5767017,-92.1735164
Longview,TX,32.5007037,-94.7404891
Chandler,AZ,33.3061605,-111.8412502
Arvada,CO,39.8027644,-105.0874842
Alhambra,CA,34.095287,-118.1270146
Kokomo,IN,40.486427,-86.1336033
Oakland Park,FL,26.1723065,-80.1319893
Indianapolis,IN,39.768403,-86.158068
Boynton Beach,FL,26.5317866,-80.0905465
Apache Junction,AZ,33.4150485,-111.5495777
Mount Prospect,IL,42.0664167,-87.9372908
Cranston,RI,41.7798226,-71.4372796
Lafayette,IN,40.4167022,-86.8752869
Olathe,KS,38.8813958,-94.8191285
Johns Creek,GA,34.0289259,-84.198579
Greensboro,NC,36.0726354,-79.7919754
Kalamazoo,MI,42.2917069,-85.5872286
Tigard,OR,45.4312294,-122.7714861
Jacksonville,NC,34.7540524,-77.4302414
Citrus Heights,CA,38.7071247,-121.2810611
Tuscaloosa,AL,33.2098407,-87.5691735
Ankeny,IA,41.7317884,-93.6001278
Hawthorne,CA,33.9164032,-118.3525748
Hoover,AL,33.4053867,-86.8113781
Delray Beach,FL,26.4614625,-80.0728201
Wellington,FL,26.6617635,-80.2683571
Bullhead City,AZ,35.1359386,-114.5285981
Weston,FL,26.1003654,-80.3997748
Troy,MI,42.6064095,-83.1497751
New Rochelle,NY,40.9114882,-73.7823549
Stockton,CA,37.9577016,-121.2907796
Royal Oak,MI,42.4894801,-83.1446485
Titusville,FL,28.6122187,-80.8075537
Laguna Niguel,CA,33.5225261,-117.7075526
Spokane Valley,WA,47.6732281,-117.2393748
Costa Mesa,CA,33.6411316,-117.9186689
Grand Prairie,TX,32.7459645,-96.9977846
Portsmouth,VA,36.8354258,-76.2982742
Lacey,WA,47.0342629,-122.8231915
Apex,NC,35.732652,-78.8502856
Sioux City,IA,42.4999942,-96.4003069
Encinitas,CA,33.0369867,-117.2919818
Spanish Fork,UT,40.114955,-111.654923
Huntington Park,CA,33.9816812,-118.2250725
Eden Prairie,MN,44.8546856,-93.470786
Peoria,AZ,33.5805955,-112.2373779
Tempe,AZ,33.4255104,-111.9400054
Wilmington,DE,39.7390721,-75.5397878
Taylorsville,UT,40.6677248,-111.9388258
Westland,MI,42.324204,-83.400211
Mesquite,TX,32.7667955,-96.5991593
Burlington,NC,36.0956918,-79.4377991
Garland,TX,32.912624,-96.6388833
Richmond,CA,37.9357576,-122.3477486
Bismarck,ND,46.8083268,-100.7837392
Carson City,NV,39.1637984,-119.7674034
Muskogee,OK,35.7478769,-95.3696909
Augusta-Richmond County,GA,33.4734978,-82.0105148
Fayetteville,NC,35.0526641,-78.8783585
Albany,GA,31.5785074,-84.155741
Sayreville,NJ,40.4594021,-74.360846
Newark,CA,37.5296593,-122.0402399
Diamond Bar,CA,34.0286226,-117.8103367
Decatur,AL,34.6059253,-86.9833417
Chattanooga,TN,35.0456297,-85.3096801
Jeffersonville,IN,38.2775702,-85.7371847
Bartlett,IL,41.9950276,-88.1856301
Baldwin Park,CA,34.0852868,-117.9608978
Miami Beach,FL,25.790654,-80.1300455
Jackson,TN,35.6145169,-88.8139469
Port Arthur,TX,29.8849504,-93.939947
San Luis Obispo,CA,35.2827524,-120.6596156
Burleson,TX,32.5420821,-97.3208492
Newport Beach,CA,33.6189101,-117.9289469
Riverton,UT,40.521893,-111.9391023
Yakima,WA,46.6020711,-120.5058987
Dayton,OH,39.7589478,-84.1916069
Gulfport,MS,30.3674198,-89.0928155
Long Beach,CA,33.7700504,-118.1937395
Chico,CA,39.7284944,-121.8374777
Hattiesburg,MS,31.3271189,-89.2903392
Eugene,OR,44.0520691,-123.0867536
Colton,CA,34.0739016,-117.3136547
Montebello,CA,34.0165053,-118.1137535
Pleasanton,CA,37.6624312,-121.8746789
Everett,WA,47.9789848,-122.2020794
Hutchinson,KS,38.0608445,-97.9297743
Fairfield,CA,38.2493581,-122.0399663
Avondale,AZ,33.4355977,-112.3496021
Euclid,OH,41.5931049,-81.5267873
Battle Creek,MI,42.3211522,-85.1797142
Bloomington,MN,44.840798,-93.2982799
Rock Island,IL,41.5094771,-90.5787476
Beaverton,OR,45.487062,-122.8037102
Kenner,LA,29.9940924,-90.2417434
Clovis,NM,34.4047987,-103.2052272
Troy,NY,42.7284117,-73.6917851
Milpitas,CA,37.4323341,-121.8995741
Des Plaines,IL,42.0333623,-87.8833991
Placentia,CA,33.8722371,-117.8703363
Taunton,MA,41.900101,-71.0897674
Montclair,CA,34.0775104,-117.6897776
Johnson City,TN,36.3134397,-82.3534727
Savannah,GA,32.0835407,-81.0998342
Warren,OH,41.2375569,-80.8184166
Vancouver,WA,45.6387281,-122.6614861
Sunrise,FL,26.1669711,-80.256595
Muncie,IN,40.1933767,-85.3863599
Lehi,UT,40.3916172,-111.8507662
San Francisco,CA,37.7749295,-122.4194155
Fontana,CA,34.0922335,-117.435048
Frisco,TX,33.1506744,-96.8236116
Chino Hills,CA,33.9898188,-117.7325848
Poway,CA,32.9628232,-117.0358646
Huber Heights,OH,39.843947,-84.1246608
New Brunswick,NJ,40.4862157,-74.4518188
Norfolk,VA,36.8507689,-76.2858726
Hillsboro,OR,45.5228939,-122.989827
San Jacinto,CA,33.7839084,-116.958635
Pensacola,FL,30.421309,-87.2169149
Hamilton,OH,39.3995008,-84.5613355
Florence,SC,34.1954331,-79.7625625
San Bernardino,CA,34.1083449,-117.2897652
Peachtree Corners,GA,33.9698929,-84.2214551
Victorville,CA,34.5362184,-117.2927641
Gary,IN,41.5933696,-87.3464271
Casa Grande,AZ,32.8795022,-111.7573521
Morgan Hill,CA,37.1305012,-121.6543901
Dubuque,IA,42.5005583,-90.6645718
Syracuse,NY,43.0481221,-76.1474244
Clarksville,TN,36.5297706,-87.3594528
Lakeland,FL,28.0394654,-81.9498042
Valley Stream,NY,40.6642699,-73.7084645
Dover,DE,39.158168,-75.5243682
Moorhead,MN,46.8737648,-96.7678039
Culver City,CA,34.0211224,-118.3964665
Palatine,IL,42.1103041,-88.03424
Seattle,WA,47.6062095,-122.3320708
Covington,KY,39.0836712,-84.5085536
Elk Grove,CA,38.4087993,-121.3716178
Shreveport,LA,32.5251516,-93.7501789
Ogden,UT,41.223,-111.9738304
Harrisonburg,VA,38.4495688,-78.8689155
Inglewood,CA,33.9616801,-118.3531311
Pasadena,CA,34.1477849,-118.1445155
Lawrence,MA,42.7070354,-71.1631137
Lake Oswego,OR,45.4206749,-122.6706498
Petaluma,CA,38.232417,-122.6366524
Springfield,OH,39.9242266,-83.8088171
Napa,CA,38.2975381,-122.286865
Aurora,CO,39.7294319,-104.8319195
Duluth,MN,46.7866719,-92.1004852
Roanoke,VA,37.2709704,-79.9414266
Bend,OR,44.0581728,-121.3153096
Apple Valley,CA,34.5008311,-117.1858759
Waltham,MA,42.3764852,-71.2356113
Fort Myers,FL,26.640628,-81.8723084
Tampa,FL,27.950575,-82.4571776
Upland,CA,34.09751,-117.6483876
Danville,VA,36.5859718,-79.3950228
Beloit,WI,42.5083482,-89.0317765
Plantation,FL,26.1275862,-80.2331036
Colorado Springs,CO,38.8338816,-104.8213634
Modesto,CA,37.6390972,-120.9968782
Grand Rapids,MI,42.9633599,-85.6680863
Oak Park,IL,41.8850317,-87.7845025
Sarasota,FL,27.3364347,-82.5306527
Jurupa Valley,CA,33.9971974,-117.4854802
Bellflower,CA,33.8816818,-118.1170117
Boulder,CO,40.0149856,-105.2705456
Santa Fe,NM,35.6869752,-105.937799
Coachella,CA,33.6803003,-116.173894
Marlborough,MA,42.3459271,-71.5522874
Riverside,CA,33.9533487,-117.3961564
Palmdale,CA,34.5794343,-118.1164613
Novato,CA,38.1074198,-122.5697032
Layton,UT,41.0602216,-111.9710529
Bolingbrook,IL,41.6986416,-88.0683955
Mission Viejo,CA,33.6000232,-117.6719953
Glenview,IL,42.0697509,-87.7878408
Lincoln,CA,38.891565,-121.2930079
Folsom,CA,38.6779591,-121.1760583
Prescott Valley,AZ,34.6100243,-112.315721
Las Cruces,NM,32.3199396,-106.7636538
Bozeman,MT,45.6769979,-111.0429339
Schaumburg,IL,42.0333607,-88.0834059
Warren,MI,42.5144566,-83.0146526
St. Peters,MO,38.7874699,-90.6298922
Ames,IA,42.034722,-93.62
Surprise,AZ,33.6292337,-112.3679279
Richardson,TX,32.9483335,-96.7298519
Midland,MI,43.6155825,-84.2472116
San Marcos,TX,29.8832749,-97.9413941
Wilkes-Barre,PA,41.2459149,-75.8813075
Appleton,WI,44.2619309,-88.4153847
Shawnee,KS,39.0228485,-94.7151865
Mentor,OH,41.6661573,-81.339552
Livermore,CA,37.6818745,-121.7680088
Charlotte,NC,35.2270869,-80.8431267
Owensboro,KY,37.7719074,-87.1111676
Jupiter,FL,26.9342246,-80.0942087
Rohnert Park,CA,38.3396367,-122.7010984
Chicago,IL,41.8781136,-87.6297982
Billings,MT,45.7832856,-108.5006904
Wauwatosa,WI,43.0494572,-88.0075875
Lombard,IL,41.8800296,-88.0078435
New Haven,CT,41.308274,-72.9278835
York,PA,39.9625984,-76.727745
Knoxville,TN,35.9606384,-83.9207392
Elyria,OH,41.3683798,-82.1076486
Barnstable Town,MA,41.7003208,-70.3002024
Murray,UT,40.6668916,-111.8879909
Alameda,CA,37.7652065,-122.2416355
Manteca,CA,37.7974273,-121.2160526
Maplewood,MN,44.9530215,-92.9952153
Medford,OR,42.3265152,-122.8755949
Murfreesboro,TN,35.8456213,-86.39027
Yuba City,CA,39.1404477,-121.6169108
Shelton,CT,41.3164856,-73.0931641
Cedar Falls,IA,42.5348993,-92.4453161
Germantown,TN,35.0867577,-89.8100858
Scranton,PA,41.408969,-75.6624122
Auburn,AL,32.6098566,-85.4807825
Manassas,VA,38.7509488,-77.4752667
Vacaville,CA,38.3565773,-121.9877444
Santa Monica,CA,34.0194543,-118.4911912
Suffolk,VA,36.7282054,-76.5835621
Rochester Hills,MI,42.6583661,-83.1499322
La Quinta,CA,33.6633573,-116.3100095
Charleston,WV,38.3498195,-81.6326234
Delano,CA,35.7688425,-119.2470536
St. Cloud,FL,28.2489016,-81.2811801
Charleston,SC,32.7764749,-79.9310512
Kannapolis,NC,35.4873613,-80.6217341
Corona,CA,33.8752935,-117.5664384
Rocklin,CA,38.7907339,-121.2357828
Lee's Summit,MO,38.9108408,-94.3821724
Palm Coast,FL,29.5844524,-81.2078699
Sandy,UT,40.5649781,-111.8389726
Bentonville,AR,36.3728538,-94.2088172
Santa Clarita,CA,34.3916641,-118.542586
Altamonte Springs,FL,28.6611089,-81.3656242
New Braunfels,TX,29.7030024,-98.1244531
Memphis,TN,35.1495343,-90.0489801
Irving,TX,32.8140177,-96.9488945
Alexandria,VA,38.8048355,-77.0469214
Hesperia,CA,34.4263886,-117.3008784
Holyoke,MA,42.2042586,-72.6162009
Dunwoody,GA,33.9462125,-84.3346473
Skokie,IL,42.0324025,-87.7416246
Kearny,NJ,40.7684342,-74.1454214
Bethlehem,PA,40.6259316,-75.3704579
St. Joseph,MO,39.7674578,-94.846681
Redondo Beach,CA,33.8491816,-118.3884078
Houston,TX,29.7604267,-95.3698028
Temecula,CA,33.4936391,-117.1483648
Ann Arbor,MI,42.2808256,-83.7430378
Beaumont,TX,30.080174,-94.1265562
East Lansing,MI,42.7369792,-84.4838654
Santee,CA,32.8383828,-116.9739167
Tamarac,FL,26.2128609,-80.2497707
Bellevue,NE,41.1543623,-95.9145568
Pembroke Pines,FL,26.007765,-80.2962555
Springdale,AR,36.1867442,-94.1288141
Oxnard,CA,34.1975048,-119.1770516
Odessa,TX,31.8456816,-102.3676431
Stillwater,OK,36.1156071,-97.0583681
Brockton,MA,42.0834335,-71.0183787
Bayonne,NJ,40.6687141,-74.1143091
Paramount,CA,33.8894598,-118.1597911
Moline,IL,41.5067003,-90.5151342
Meridian,MS,32.3643098,-88.703656
Cleveland,TN,35.1595182,-84.8766115
Jersey City,NJ,40.7281575,-74.0776417
St. Paul,MN,44.9537029,-93.0899578
Deltona,FL,28.9005446,-81.2636738
Freeport,NY,40.6576022,-73.5831835
Iowa City,IA,41.6611277,-91.5301683
Anaheim,CA,33.8352932,-117.9145036
Apple Valley,MN,44.7319094,-93.21772
Great Falls,MT,47.4941836,-111.2833449
West Valley City,UT,40.6916132,-112.0010501
Hampton,VA,37.0298687,-76.3452218
Georgetown,TX,30.6332618,-97.6779842
Orem,UT,40.2968979,-111.6946475
Monrovia,CA,34.1442616,-118.0019482
Keller,TX,32.9341893,-97.229298
Goose Creek,SC,32.9810059,-80.0325867
Little Rock,AR,34.7464809,-92.2895948
Santa Ana,CA,33.7455731,-117.8678338
White Plains,NY,41.0339862,-73.7629097
Idaho Falls,ID,43.4916514,-112.0339645
Bellevue,WA,47.610377,-122.2006786
Roseville,CA,38.7521235,-121.2880059
Perth Amboy,NJ,40.5067723,-74.2654234
Peabody,MA,42.5278731,-70.9286609
Grand Island,NE,40.9263957,-98.3420118
Columbia,MO,38.9517053,-92.3340724
Racine,WI,42.7261309,-87.7828523
Carmel,IN,39.978371,-86.1180435
Portage,MI,42.2011538,-85.5800022
Middletown,OH,39.5150576,-84.3982763
Woodland,CA,38.6785157,-121.7732971
Revere,MA,42.4084302,-71.0119948
Euless,TX,32.8370727,-97.0819541
Arlington Heights,IL,42.0883603,-87.9806265
Hemet,CA,33.7475203,-116.9719684
High Point,NC,35.9556923,-80.0053176
Newark,OH,40.0581205,-82.4012642
Midwest City,OK,35.4495065,-97.3967019
San Marcos,CA,33.1433723,-117.1661449
Port Orange,FL,29.1383165,-80.9956105
Lakewood,CA,33.8536269,-118.1339563
Westerville,OH,40.1261743,-82.9290696
Rockford,IL,42.2711311,-89.0939952
El Cajon,CA,32.7947731,-116.9625269
St. Petersburg,FL,27.773056,-82.64
Downers Grove,IL,41.8089191,-88.0111746
Milford,CT,41.2306979,-73.064036
Albany,OR,44.6365107,-123.1059282
Las Vegas,NV,36.1699412,-115.1398296
Pasadena,TX,29.6910625,-95.2091006
Port St. Lucie,FL,27.2730492,-80.3582261
Cedar Rapids,IA,41.9778795,-91.6656232
Ormond Beach,FL,29.2858129,-81.0558894
Quincy,MA,42.2528772,-71.0022705
Miramar,FL,25.9860762,-80.3035602
El Paso,TX,31.7775757,-106.4424559
Topeka,KS,39.0558235,-95.6890185
Rosemead,CA,34.0805651,-118.072846
Keizer,OR,44.9901194,-123.0262077
Minnetonka,MN,44.9211836,-93.4687489
Akron,OH,41.0814447,-81.5190053
Edinburg,TX,26.3017374,-98.1633432
Rancho Cucamonga,CA,34.1063989,-117.5931084
North Charleston,SC,32.8546197,-79.9748103
Louisville,KY,38.2526647,-85.7584557
Watsonville,CA,36.910231,-121.7568946
Coconut Creek,FL,26.2517482,-80.1789351
Bradenton,FL,27.4989278,-82.5748194
Carlsbad,CA,33.1580933,-117.3505939
Texas City,TX,29.383845,-94.9027002
Redding,CA,40.5865396,-122.3916754
Wyoming,MI,42.9133602,-85.7053085
Lorain,OH,41.452819,-82.1823746
Roy,UT,41.1616108,-112.0263313
Fort Lauderdale,FL,26.1224386,-80.1373174
Warner Robins,GA,32.6130007,-83.624201
Clearwater,FL,27.9658533,-82.8001026
Cutler Bay,FL,25.5808323,-80.3468593
Florence,AL,34.79981,-87.677251
Terre Haute,IN,39.4667034,-87.4139092
Temple,TX,31.0982344,-97.342782
Beavercreek,OH,39.7092262,-84.0632685
Sioux Falls,SD,43.5445959,-96.7311034
Columbus,IN,39.2014404,-85.9213796
Margate,FL,26.2445263,-80.206436
Leominster,MA,42.5250906,-71.759794
Warwick,RI,41.7001009,-71.4161671
Bakersfield,CA,35.3732921,-119.0187125
Miami,FL,25.7616798,-80.1917902
Lake Charles,LA,30.2265949,-93.2173758
Richland,WA,46.2856907,-119.2844621
Hickory,NC,35.7344538,-81.3444573
South San Francisco,CA,37.654656,-122.4077498
Plymouth,MN,45.0105194,-93.4555093
South Bend,IN,41.6763545,-86.2519898
Edmond,OK,35.6528323,-97.4780954
Des Moines,IA,41.6005448,-93.6091064
Bonita Springs,FL,26.339806,-81.7786972
Draper,UT,40.5246711,-111.8638226
Whittier,CA,33.9791793,-118.032844
Livonia,MI,42.36837,-83.3527097
Milwaukee,WI,43.0389025,-87.9064736
Auburn,WA,47.3073228,-122.2284532
Sumter,SC,33.9204354,-80.3414693
Beverly,MA,42.5584283,-70.880049
Renton,WA,47.4828776,-122.2170661
Centennial,CO,39.5807452,-104.8771726
Richmond,VA,37.5407246,-77.4360481
Anderson,IN,40.1053196,-85.6802541
Beaumont,CA,33.9294606,-116.977248
Pflugerville,TX,30.4393696,-97.6200043
Hoboken,NJ,40.7439905,-74.0323626
Lexington-Fayette,KY,38.0405837,-84.5037164
Norwalk,CA,33.9022367,-118.081733
Yuma,AZ,32.6926512,-114.6276916
Highland,CA,34.1283442,-117.2086513
Carol Stream,IL,41.9125286,-88.1347927
Joliet,IL,41.525031,-88.0817251
Rock Hill,SC,34.9248667,-81.0250784
Rancho Cordova,CA,38.5890723,-121.302728
Dearborn Heights,MI,42.3369816,-83.2732627
Honolulu,HI,21.3069444,-157.8583333
Victoria,TX,28.8052674,-97.0035982
Attleboro,MA,41.9445441,-71.2856082
Wylie,TX,33.0151201,-96.5388789
Carrollton,TX,32.9756415,-96.8899636
Plainfield,IL,41.632223,-88.2120315
Hoffman Estates,IL,42.0629915,-88.1227199
Methuen,MA,42.7262016,-71.1908924
North Port,FL,27.044224,-82.2359254
Rockville,MD,39.0839973,-77.1527578
Burbank,CA,34.1808392,-118.3089661
Fullerton,CA,33.8703596,-117.9242966
Oshkosh,WI,44.0247062,-88.5426136
Huntsville,TX,30.7235263,-95.5507771
Farmington Hills,MI,42.4989936,-83.3677168
Pico Rivera,CA,33.9830688,-118.096735
Cerritos,CA,33.8583483,-118.0647871
La Puente,CA,34.0200114,-117.9495083
Grand Junction,CO,39.0638705,-108.5506486
Enid,OK,36.3955891,-97.8783911
San Jose,CA,37.3382082,-121.8863286
Round Rock,TX,30.5082551,-97.678896
Maple Grove,MN,45.0724642,-93.4557877
Norman,OK,35.2225668,-97.4394777
Homestead,FL,25.4687224,-80.4775569
Friendswood,TX,29.5293998,-95.2010447
Irvine,CA,33.6839473,-117.7946942
Pocatello,ID,42.8713032,-112.4455344
Pacifica,CA,37.6138253,-122.4869194
Sheboygan,WI,43.7508284,-87.71453
Bossier City,LA,32.5159852,-93.7321228
Cedar Park,TX,30.505198,-97.8202888
Sandy Springs,GA,33.9304352,-84.3733147
Champaign,IL,40.1164204,-88.2433829
Clifton,NJ,40.8584328,-74.1637553
Moore,OK,35.3395079,-97.4867028
Blue Springs,MO,39.0169509,-94.2816148
Lancaster,CA,34.6867846,-118.1541632
Bryan,TX,30.6743643,-96.3699632
Hurst,TX,32.8234621,-97.1705678
Cape Coral,FL,26.5628537,-81.9495331
Cupertino,CA,37.3229978,-122.0321823
Pittsfield,MA,42.4500845,-73.2453824
Gilroy,CA,37.0057816,-121.5682751
Manchester,NH,42.9956397,-71.4547891
Virginia Beach,VA,36.8529263,-75.977985
Salina,KS,38.8402805,-97.6114237
Somerville,MA,42.3875968,-71.0994968
Largo,FL,27.9094665,-82.7873244
Fresno,CA,36.7468422,-119.7725868
Phenix City,AL,32.4709761,-85.0007653
Berwyn,IL,41.8505874,-87.7936685
Palm Beach Gardens,FL,26.8233946,-80.1386547
Pawtucket,RI,41.878711,-71.3825558
San Gabriel,CA,34.0961111,-118.1058333
Winston-Salem,NC,36.0998596,-80.244216
Alpharetta,GA,34.0753762,-84.2940899
O'Fallon,MO,38.8106075,-90.6998477
Redwood City,CA,37.4852152,-122.2363548
Union City,CA,37.5933918,-122.0438298
Hallandale Beach,FL,25.9812024,-80.148379
Mankato,MN,44.1635775,-93.9993996
Aliso Viejo,CA,33.5676842,-117.7256083
Menifee,CA,33.6971468,-117.185294
Loveland,CO,40.3977612,-105.0749801
Carpentersville,IL,42.1211364,-88.2578582
Providence,RI,41.8239891,-71.4128343
Hialeah,FL,25.8575963,-80.2781057
San Ramon,CA,37.7799273,-121.9780153
Ontario,CA,34.0633443,-117.6508876
Kirkland,WA,47.6814875,-122.2087353
St. George,UT,37.0965278,-113.5684164
Hilton Head Island,SC,32.216316,-80.752608
Glendale,CA,34.1425078,-118.255075
Meriden,CT,41.5381535,-72.8070435
Gardena,CA,33.8883487,-118.3089624
Westfield,MA,42.1250929,-72.749538
Elgin,IL,42.0354084,-88.2825668
Plano,TX,33.0198431,-96.6988856
Longmont,CO,40.1672068,-105.1019275
Coppell,TX,32.9545687,-97.0150078
Lakewood,OH,41.4819932,-81.7981908
Jonesboro,AR,35.8422967,-90.704279
College Station,TX,30.627977,-96.3344068
Dearborn,MI,42.3222599,-83.1763145
Utica,NY,43.100903,-75.232664
Monroe,LA,32.5093109,-92.1193012
Baltimore,MD,39.2903848,-76.6121893
Springfield,MO,37.2089572,-93.2922989
Pine Bluff,AR,34.2284312,-92.0031955
Plainfield,NJ,40.6337136,-74.4073736
Lynn,MA,42.466763,-70.9494938
Woodbury,MN,44.9238552,-92.9593797
Gainesville,FL,29.6516344,-82.3248262
West Sacramento,CA,38.5804609,-121.530234
Sammamish,WA,47.6162683,-122.0355736
Aventura,FL,25.9564812,-80.1392121
Fayetteville,AR,36.0625795,-94.1574263
San Rafael,CA,37.9735346,-122.5310874
Conway,AR,35.0886963,-92.4421011
Tacoma,WA,47.2528768,-122.4442906
Middletown,CT,41.5623209,-72.6506488
Burlington,VT,44.4758825,-73.212072
Twin Falls,ID,42.5629668,-114.4608711
Sherman,TX,33.6356618,-96.6088805
New York,NY,40.7127837,-74.0059413
Simi Valley,CA,34.2694474,-118.781482
West Covina,CA,34.0686208,-117.9389526
Castle Rock,CO,39.3722121,-104.8560902
Valdosta,GA,30.8327022,-83.2784851
Fort Worth,TX,32.7554883,-97.3307658
Carson,CA,33.8316745,-118.281693
Evansville,IN,37.9715592,-87.5710898
Santa Maria,CA,34.9530337,-120.4357191
Brentwood,TN,36.0331164,-86.7827772
La Mesa,CA,32.7678287,-117.0230839
Westminster,CO,39.8366528,-105.0372046
Reading,PA,40.3356483,-75.9268747
Turlock,CA,37.4946568,-120.8465941
Greeley,CO,40.4233142,-104.7091322
Tyler,TX,32.3512601,-95.3010624
Winter Garden,FL,28.5652787,-81.5861847
Waco,TX,31.549333,-97.1466695
Martinez,CA,38.0193657,-122.1341321
Thousand Oaks,CA,34.1705609,-118.8375937
Azusa,CA,34.1336186,-117.9075627
Bridgeport,CT,41.1865478,-73.1951767
St. Louis Park,MN,44.9597376,-93.3702186
Chesterfield,MO,38.6631083,-90.5770675
Greenacres,FL,26.6276276,-80.1353896
Pasco,WA,46.2395793,-119.1005657
Torrance,CA,33.8358492,-118.3406288
Madison,WI,43.0730517,-89.4012302
Janesville,WI,42.6827885,-89.0187222
Waukegan,IL,42.3636331,-87.8447938
Bowling Green,KY,36.9685219,-86.4808043
Arlington,TX,32.735687,-97.1080656
Lewisville,TX,33.046233,-96.994174
Farmington,NM,36.7280583,-108.2186856
Oakley,CA,37.9974219,-121.7124536
Palo Alto,CA,37.4418834,-122.1430195
Springfield,OR,44.0462362,-123.0220289
New Bedford,MA,41.6362152,-70.934205
Redmond,WA,47.6739881,-122.121512
Brentwood,CA,37.931868,-121.6957863
Davis,CA,38.5449065,-121.7405167
La Mirada,CA,33.9172357,-118.0120086
Smyrna,TN,35.9828412,-86.5186045
Altoona,PA,40.5186809,-78.3947359
Dothan,AL,31.2232313,-85.3904888
East Orange,NJ,40.767323,-74.2048677
Tinley Park,IL,41.5731442,-87.7932939
Biloxi,MS,30.3960318,-88.8853078
Urbana,IL,40.1105875,-88.2072697
Garden Grove,CA,33.7739053,-117.9414477
Lynwood,CA,33.930293,-118.2114603
Northglenn,CO,39.8961821,-104.9811468
Canton,OH,40.7989473,-81.378447
Brookhaven,GA,33.8651033,-84.3365917
Baton Rouge,LA,30.4582829,-91.1403196
Bristol,CT,41.6717648,-72.9492703
Independence,MO,39.0911161,-94.4155068
Lansing,MI,42.732535,-84.5555347
Orland Park,IL,41.6303103,-87.8539425
Vineland,NJ,39.4863773,-75.0259637
Green Bay,WI,44.519159,-88.019826
Evanston,IL,42.0450722,-87.6876969
Ocoee,FL,28.5691677,-81.5439619
Los Angeles,CA,34.0522342,-118.2436849
Federal Way,WA,47.3223221,-122.3126222
West Jordan,UT,40.6096698,-111.9391031
Yucaipa,CA,34.033625,-117.0430865
Pittsburgh,PA,40.4406248,-79.9958864
Downey,CA,33.9401088,-118.1331593
Cicero,IL,41.8455877,-87.7539448
South Gate,CA,33.954737,-118.2120161
Panama City,FL,30.1588129,-85.6602058
Joplin,MO,37.0842271,-94.513281
League City,TX,29.5074538,-95.0949303
Salt Lake City,UT,40.7607793,-111.8910474
Fort Pierce,FL,27.4467056,-80.3256056
Phoenix,AZ,33.4483771,-112.0740373
Corvallis,OR,44.5645659,-123.2620435
Cedar Hill,TX,32.5884689,-96.9561152
Chicopee,MA,42.1487043,-72.6078672
Ocala,FL,29.1871986,-82.1400923
Roswell,GA,34.0232431,-84.3615555
Park Ridge,IL,42.0111412,-87.8406192
Concord,NH,43.2081366,-71.5375718
Olympia,WA,47.0378741,-122.9006951
Huntington Beach,CA,33.660297,-117.9992265
Corpus Christi,TX,27.8005828,-97.396381
Haverhill,MA,42.7762015,-71.0772796
Hanover Park,IL,41.9994722,-88.1450735
Cambridge,MA,42.3736158,-71.1097335
Glendale,AZ,33.5386523,-112.1859866
Stanton,CA,33.8025155,-117.9931165
Summerville,SC,33.0185039,-80.1756481
Davenport,IA,41.5236437,-90.5776367
Boca Raton,FL,26.3683064,-80.1289321
New Britain,CT,41.6612104,-72.7795419
Roseville,MI,42.4972583,-82.9371409
Cleveland Heights,OH,41.5200518,-81.556235
Gresham,OR,45.5001357,-122.4302013
Lauderhill,FL,26.1403635,-80.2133808
Hendersonville,TN,36.3047735,-86.6199957
Santa Clara,CA,37.3541079,-121.9552356
Oceanside,CA,33.1958696,-117.3794834
Lake Forest,CA,33.6469661,-117.689218
Novi,MI,42.48059,-83.4754913
West New York,NJ,40.7878788,-74.0143064
Everett,MA,42.40843,-71.0536625
Linden,NJ,40.6220478,-74.2445902
Asheville,NC,35.5950581,-82.5514869
Compton,CA,33.8958492,-118.2200712
Lynchburg,VA,37.4137536,-79.1422464
Bowie,MD,39.0067768,-76.7791365
Danbury,CT,41.394817,-73.4540111
Charlottesville,VA,38.0293059,-78.4766781
Coral Gables,FL,25.72149,-80.2683838
Coeur d'Alene,ID,47.6776832,-116.7804664
El Monte,CA,34.0686206,-118.0275667
Crystal Lake,IL,42.2411344,-88.3161965
Danville,CA,37.8215929,-121.9999606
Goodyear,AZ,33.4353394,-112.3576567
Paterson,NJ,40.9167654,-74.171811
Salem,OR,44.9428975,-123.0350963
Kissimmee,FL,28.2919557,-81.407571
Saginaw,MI,43.4194699,-83.9508068
Brownsville,TX,25.9017472,-97.4974838
Flower Mound,TX,33.0145673,-97.0969552
Grapevine,TX,32.9342919,-97.0780654
Edina,MN,44.8896866,-93.3499489
Detroit,MI,42.331427,-83.0457538
Fairfield,OH,39.3454673,-84.5603187
Mansfield,TX,32.5631924,-97.1416768
Rochester,NY,43.16103,-77.6109219
Birmingham,AL,33.5206608,-86.80249
Austin,TX,30.267153,-97.7430608
Santa Barbara,CA,34.4208305,-119.6981901
Addison,IL,41.931696,-87.9889556
Rio Rancho,NM,35.2327544,-106.6630437
Normal,IL,40.5142026,-88.9906312
Romeoville,IL,41.6475306,-88.0895061
Toronto,ON,43.666667,-79.416667
Montreal,QC,45.5,-73.583333
Vancouver,BC,49.25,-123.133333
Ottawa,ON,45.416667,-75.7
Calgary,AB,51.083333,-114.083333
Edmonton,AB,53.55,-113.5
Hamilton,ON,43.256101,-79.857484
Winnipeg,MB,49.883333,-97.166667
Quebec,QC,46.8,-71.25
Oshawa,ON,43.9,-78.866667
Kitchener,ON,43.446976,-80.472484
Halifax,NS,44.65,-63.6
London,ON,42.983333,-81.25
Windsor,ON,42.301649,-83.030744
Victoria,BC,48.450234,-123.343529
Saskatoon,SK,52.133333,-106.666667
Barrie,ON,44.383333,-79.7
Regina,SK,50.45,-104.616667
Sudbury,ON,46.5,-80.966667
Abbotsford,BC,49.05,-122.3
Sarnia,ON,42.978417,-82.388177
Sherbrooke,QC,45.4,-71.9
Kelowna,BC,49.9,-119.483333
Kingston,ON,44.3,-76.566667
Thunder Bay,ON,48.4,-89.233333
Moncton,NB,46.09652,-64.79757
Saint John,NB,45.230798,-66.095316
Nanaimo,BC,49.15,-123.916667
Peterborough,ON,44.3,-78.333333
Red Deer,AB,52.266667,-113.8
Lethbridge,AB,49.7,-112.833333
Kamloops,BC,50.666667,-120.333333
Prince George,BC,53.916667,-122.766667
Medicine Hat,AB,50.033333,-110.683333
Drummondville,QC,45.883333,-72.483333
Chicoutimi,QC,48.45,-71.066667
Fredericton,NB,45.910648,-66.658649
Chilliwack,BC,49.166667,-121.95
North Bay,ON,46.3,-79.45
Shawinigan-Sud,QC,46.528557,-72.751453
Cornwall,ON,45.016667,-74.733333
Joliette,QC,46.034,-73.441
Belleville,ON,44.166667,-77.383333
Charlottetown,PE,46.238225,-63.139481
Victoriaville,QC,46.063106,-71.958802
Grande Prairie,AB,55.166667,-118.8
Penticton,BC,49.5,-119.583333
Sydney,NS,46.15,-60.166667
Orillia,ON,44.6,-79.416667
Rimouski,QC,48.433333,-68.516667
Timmins,ON,48.466667,-81.333333
Prince Albert,SK,53.2,-105.75
Campbell River,BC,50.016667,-125.25
Courtenay,BC,49.683333,-125
Orangeville,ON,43.916366,-80.096671
Moose Jaw,SK,50.4,-105.55
Brandon,MB,49.833333,-99.95
Brockville,ON,44.594958,-75.682133
Saint-Georges,QC,46.116667,-70.683333
Rouyn-Noranda,QC,48.25,-79.016667
Whitehorse,YT,60.716667,-135.05
Owen Sound,ON,44.566667,-80.85
Fort McMurray,AB,56.733333,-111.383333
Corner Brook,NL,48.95,-57.933333
New Glasgow,NS,45.583333,-62.633333
Terrace,BC,54.5,-128.583333
North Battleford,SK,52.766667,-108.283333
Yellowknife,NT,62.45,-114.35
Fort Saint John,BC,56.25,-120.833333
Cranbrook,BC,49.516667,-115.766667
Edmundston,NB,47.36226,-68.327874
Rivière-du-Loup,QC,47.833333,-69.533333
Camrose,AB,53.016667,-112.816667
Pembroke,ON,45.816667,-77.116667
Yorkton,SK,51.216667,-102.466667
Swift Current,SK,50.283333,-107.766667
Prince Rupert,BC,54.316667,-130.333333
Williams Lake,BC,52.116667,-122.15
Brooks,AB,50.566667,-111.9
Quesnel,BC,52.983333,-122.483333
Thompson,MB,55.75,-97.866667
Dolbeau,QC,48.866667,-72.233333
Powell River,BC,49.883333,-124.55
Wetaskiwin,AB,52.966667,-113.383333
Nelson,BC,49.483333,-117.283333
Mont-Laurier,QC,46.55,-75.5
Kenora,ON,49.766667,-94.466667
Dawson Creek,BC,55.766667,-120.233333
Amos,QC,48.566667,-78.116667
Baie-Comeau,QC,49.216667,-68.15
Hinton,AB,53.4,-117.583333
Selkirk,MB,50.15,-96.883333
Steinbach,MB,49.516667,-96.683333
Weyburn,SK,49.666667,-103.85
Amherst,NS,45.830019,-64.210024
Kapuskasing,ON,49.416667,-82.433333
Dauphin,MB,51.15,-100.05
Dryden,ON,49.783333,-92.833333
Revelstoke,BC,51,-118.183333
Happy Valley,NL,53.3,-60.3
Banff,AB,51.166667,-115.566667
Yarmouth,NS,43.833965,-66.113926
La Sarre,QC,48.8,-79.2
Parry Sound,ON,45.333333,-80.033333
Stephenville,NL,48.55,-58.566667
Antigonish,NS,45.616667,-61.966667
Flin Flon,MB,54.766667,-101.883333
Fort Nelson,BC,58.816667,-122.533333
Smithers,BC,54.766667,-127.166667
Iqaluit,NU,63.733333,-68.5
Bathurst,NB,47.558376,-65.656517
The Pas,MB,53.816667,-101.233333
Norway House,MB,53.966667,-97.833333
Meadow Lake,SK,54.129722,-108.434722
Vegreville,AB,53.5,-112.05
Stettler,AB,52.333333,-112.683333
Peace River,AB,56.233333,-117.283333
New Liskeard,ON,47.5,-79.666667
Hearst,ON,49.7,-83.666667
Creston,BC,49.1,-116.516667
Marathon,ON,48.75,-86.366667
Cochrane,ON,49.066667,-81.016667
Kindersley,SK,51.466667,-109.133333
Liverpool,NS,44.038414,-64.718433
Melville,SK,50.933333,-102.8
Channel-Port aux Basques,NL,47.566667,-59.15
Deer Lake,NL,49.183333,-57.433333
Saint-Augustin,QC,51.233333,-58.65
Digby,NS,44.578466,-65.783525
Jasper,AB,52.883333,-118.083333
Hay River,NT,60.85,-115.7
Windsor,NS,44.958995,-64.144786
La Ronge,SK,55.1,-105.3
Deer Lake,ON,52.616667,-94.066667
Atikokan,ON,48.75,-91.616667
Gander,NL,48.95,-54.55
Fort Chipewyan,AB,58.716667,-111.15
Shelburne,NS,43.753356,-65.246074
Inuvik,NT,68.35,-133.7
Lac La Biche,AB,54.771944,-111.964722
Lillooet,BC,50.683333,-121.933333
Chapleau,ON,47.833333,-83.4
Burns Lake,BC,54.216667,-125.766667
Gimli,MB,50.633333,-97
Athabasca,AB,54.716667,-113.266667
Nelson House,MB,55.8,-98.85
Rankin Inlet,NU,62.816667,-92.083333
Port Hardy,BC,50.716667,-127.5
Biggar,SK,52.05,-107.983333
Wiarton,ON,44.733333,-81.133333
Wawa,ON,47.99473,-84.77002
Hudson Bay,SK,52.85,-102.383333
Matagami,QC,49.75,-77.633333
Arviat,NU,61.116667,-94.05
Attawapiskat,ON,52.916667,-82.433333
Red Lake,ON,51.033333,-93.833333
Moosonee,ON,51.266667,-80.65
Tofino,BC,49.133333,-125.9
Igloolik,NU,69.4,-81.8
Inukjuak,QC,58.45334,-78.102493
Little Current,ON,45.966667,-81.933333
Baker Lake,NU,64.316667,-96.016667
Pond Inlet,NU,72.7,-78
Cap-Chat,QC,49.083333,-66.683333
Cambridge Bay,NU,69.116667,-105.033333
Thessalon,ON,46.25,-83.55
New Bella Bella,BC,52.166667,-128.133333
Cobalt,ON,47.383333,-79.683333
Cape Dorset,NU,64.233333,-76.55
Pangnirtung,NU,66.133333,-65.75
West Dawson,YT,64.066667,-139.45
Kugluktuk,NU,67.833333,-115.083333
Geraldton,ON,49.716667,-86.966667
Gillam,MB,56.35,-94.7
Kuujjuaq,QC,58.1,-68.4
Lake Louise,AB,51.433333,-116.183333
Nipigon,ON,49.016667,-88.25
Nain,NL,56.55,-61.683333
Gjoa Haven,NU,68.633333,-95.916667
Fort McPherson,NT,67.433333,-134.866667
Argentia,NL,47.3,-54
Norman Wells,NT,65.283333,-126.85
Churchill,MB,58.766667,-94.166667
Repulse Bay,NU,66.516667,-86.233333
Tuktoyaktuk,NT,69.45,-133.066667
Berens River,MB,52.366667,-97.033333
Shamattawa,MB,55.85,-92.083333
Baddeck,NS,46.1,-60.75
Coral Harbour,NU,64.133333,-83.166667
La Scie,NL,49.966667,-55.583333
Watson Lake,YT,60.116667,-128.8
Taloyoak,NU,69.533333,-93.533333
Natashquan,QC,50.183333,-61.816667
Buchans,NL,48.816667,-56.866667
Hall Beach,NU,68.766667,-81.2
Arctic Bay,NU,73.033333,-85.166667
Fort Good Hope,NT,66.266667,-128.633333
Mingan,QC,50.3,-64.016667
Kangirsuk,QC,60.016667,-70.033333
Sandspit,BC,53.239111,-131.818769
Fort Smith,NT,60,-111.883333
Cartwright,NL,53.7,-57.016667
Holman,NT,70.733333,-117.75
Lynn Lake,MB,56.85,-101.05
Schefferville,QC,54.8,-66.816667
Trout River,NL,49.483333,-58.116667
Forteau Bay,NL,51.45,-56.95
Fort Resolution,NT,61.166667,-113.683333
Hopedale,NL,55.45,-60.216667
Pukatawagan,MB,55.733333,-101.316667
Trepassey,NL,46.733333,-53.366667
Kimmirut,NU,62.85,-69.883333
Chesterfield Inlet,NU,63.333333,-90.7
Eastmain,QC,52.233333,-78.516667
Dease Lake,BC,58.476697,-129.96146
Paulatuk,NT,69.383333,-123.983333
Fort Simpson,NT,61.85,-121.333333
Brochet,MB,57.883333,-101.666667
Cat Lake,ON,51.716667,-91.8
Radisson,QC,53.783333,-77.616667
Port-Menier,QC,49.816667,-64.35
Resolute,NU,74.683333,-94.9
Saint Anthony,NL,51.383333,-55.6
Port Hope Simpson,NL,52.533333,-56.3
Oxford House,MB,54.95,-95.266667
Tsiigehtchic,NT,67.433333,-133.75
Ivujivik,QC,62.416667,-77.9
Stony Rapids,SK,59.266667,-105.833333
Alert,NU,82.483333,-62.25
Fort Severn,ON,55.983333,-87.65
Rigolet,NL,54.166667,-58.433333
Lansdowne House,ON,52.216667,-87.883333
Salluit,QC,62.2,-75.633333
Uranium City,SK,59.566667,-108.616667
Burwash Landing,YT,61.35,-139
Grise Fiord,NU,76.416667,-82.95
Big Beaverhouse,ON,52.95,-89.883333
Island Lake,MB,53.966667,-94.766667
Ennadai,NU,61.133333,-100.883333